-- phpMyAdmin SQL Dump
-- version 5.0.1
-- https://www.phpmyadmin.net/
--
-- Host: 127.0.0.1
-- Generation Time: Apr 18, 2020 at 12:34 PM
-- Server version: 10.4.11-MariaDB
-- PHP Version: 7.4.1

SET SQL_MODE = "NO_AUTO_VALUE_ON_ZERO";
SET AUTOCOMMIT = 0;
START TRANSACTION;
SET time_zone = "+00:00";


/*!40101 SET @OLD_CHARACTER_SET_CLIENT=@@CHARACTER_SET_CLIENT */;
/*!40101 SET @OLD_CHARACTER_SET_RESULTS=@@CHARACTER_SET_RESULTS */;
/*!40101 SET @OLD_COLLATION_CONNECTION=@@COLLATION_CONNECTION */;
/*!40101 SET NAMES utf8mb4 */;

--
-- Database: `pustaka`
--

-- --------------------------------------------------------

--
-- Table structure for table `booking`
--

CREATE TABLE `booking` (
  `id_booking` varchar(12) NOT NULL,
  `tgl_booking` date NOT NULL,
  `batas_ambil` date NOT NULL,
  `id_user` int(11) NOT NULL
) ENGINE=InnoDB DEFAULT CHARSET=utf8mb4;

-- --------------------------------------------------------

--
-- Table structure for table `booking_detail`
--

CREATE TABLE `booking_detail` (
  `id` int(11) NOT NULL,
  `id_booking` varchar(12) NOT NULL,
  `id_buku` int(11) NOT NULL
) ENGINE=InnoDB DEFAULT CHARSET=utf8mb4;

-- --------------------------------------------------------

--
-- Table structure for table `buku`
--

CREATE TABLE `buku` (
  `id` int(11) NOT NULL,
  `judul_buku` varchar(128) NOT NULL,
  `id_kategori` int(11) NOT NULL,
  `pengarang` varchar(64) NOT NULL,
  `penerbit` varchar(64) NOT NULL,
  `tahun_terbit` year(4) NOT NULL,
  `isbn` varchar(64) NOT NULL,
  `stok` int(11) NOT NULL,
  `dipinjam` int(11) NOT NULL,
  `dibooking` int(11) NOT NULL,
  `image` varchar(256) DEFAULT 'book-default-cover.jpg'
) ENGINE=InnoDB DEFAULT CHARSET=latin1;

--
-- Dumping data for table `buku`
--

INSERT INTO `buku` (`id`, `judul_buku`, `id_kategori`, `pengarang`, `penerbit`, `tahun_terbit`, `isbn`, `stok`, `dipinjam`, `dibooking`, `image`) VALUES
(1, 'Statistika dengan Program Komputer', 1, 'Ahmad Kholiqul Amin', 'Deep Publish', 2014, '9786022809432', 6, 1, 1, 'img1557402455.jpg'),
(2, 'Mudah Belajar Komputer untuk Anak', 1, 'Bambang Agus Setiawan', 'Huta Media', 2014, '9786025118500', 4, 3, 2, 'img1557402397.jpg'),
(5, 'PHP Komplet', 1, 'Jubilee', 'Elex Media Komputindo', 2017, '8346753547', 5, 1, 1, 'img1555522493.jpg'),
(10, 'Detektif Conan Ep 200', 9, 'Okigawa sasuke', 'Cultura', 2016, '874387583987', 5, 0, 0, 'img1557401465.jpg'),
(14, 'Bahasa Indonesia', 2, 'Umri Nur\'aini dan Indriyani', 'Pusat Perbukuan', 2015, '757254724884', 3, 0, 0, 'img1557402703.jpg'),
(15, 'Komunikasi Lintas Budaya', 5, 'Dr. Dedy Kurnia', 'Published', 2015, '878674646488', 5, 0, 0, 'img1557403156.jpg'),
(16, 'Kolaborasi Codeigniter dan Ajax dalam Perancangan CMS', 1, 'Anton Subagia', 'Elex Media komputindo', 2017, '43345356577', 5, 0, 0, 'img1557403502.jpg'),
(17, 'From Hobby to Money', 4, 'Deasylawati', 'Elex Media Komputindo', 2015, '87968686787879', 5, 0, 0, 'img1557403658.jpg'),
(18, 'Buku Saku Pramuka', 8, 'Rudi Himawan', 'Pusat Perbukuan', 2016, '97868687978796', 6, 0, 0, 'img1557404613.jpg'),
(19, 'Rahasia Keajaiban Bumi', 3, 'Nurul Ihsan', 'Luxima', 2014, '565756565768868', 5, 0, 0, 'img1557404689.jpg'),
(20, 'Buku Pintar Puasa Wajib dan Sunnah Sepanjang Masa', 7, 'Ali Hasan', 'Luxima', 2011, '32342342344234', 5, 0, 0, 'img1557404775.jpg'),
(21, 'Aspek Hukum dalam Penelitian', 6, 'Rianto Adi', 'Buku Obor', 2015, '7565646455757', 5, 0, 0, 'img1557404853.jpg');

-- --------------------------------------------------------

--
-- Table structure for table `kategori`
--

CREATE TABLE `kategori` (
  `id_kategori` int(11) NOT NULL,
  `kategori` varchar(45) NOT NULL
) ENGINE=InnoDB DEFAULT CHARSET=latin1;

--
-- Dumping data for table `kategori`
--

INSERT INTO `kategori` (`id_kategori`, `kategori`) VALUES
(1, 'Komputer'),
(2, 'Bahasa'),
(3, 'Sains'),
(4, 'Hobby'),
(5, 'Komunikasi'),
(6, 'Hukum'),
(7, 'Agama'),
(8, 'Populer'),
(9, 'Komik');

-- --------------------------------------------------------

--
-- Table structure for table `pinjam`
--

CREATE TABLE `pinjam` (
  `no_pinjam` varchar(12) NOT NULL,
  `tgl_pinjam` date NOT NULL,
  `id_booking` varchar(12) NOT NULL,
  `id_user` int(11) NOT NULL,
  `tgl_kembali` date NOT NULL,
  `tgl_pengembalian` date NOT NULL,
  `status` enum('Pinjam','Kembali','','') NOT NULL,
  `total_denda` int(11) NOT NULL
) ENGINE=InnoDB DEFAULT CHARSET=utf8mb4;

-- --------------------------------------------------------

--
-- Table structure for table `pinjam_detail`
--

CREATE TABLE `pinjam_detail` (
  `no_pinjam` varchar(12) NOT NULL,
  `id_buku` int(11) NOT NULL,
  `denda` int(11) NOT NULL
) ENGINE=InnoDB DEFAULT CHARSET=utf8mb4;

-- --------------------------------------------------------

--
-- Table structure for table `temp`
--

CREATE TABLE `temp` (
  `id` int(11) NOT NULL,
  `tgl_booking` datetime NOT NULL,
  `id_user` varchar(12) NOT NULL,
  `email_user` varchar(128) NOT NULL,
  `id_buku` int(11) NOT NULL,
  `judul_buku` varchar(255) NOT NULL,
  `image` varchar(255) NOT NULL,
  `penulis` varchar(128) NOT NULL,
  `penerbit` varchar(128) NOT NULL,
  `tahun_terbit` year(4) NOT NULL
) ENGINE=InnoDB DEFAULT CHARSET=utf8mb4;

-- --------------------------------------------------------

--
-- Table structure for table `user`
--

CREATE TABLE `user` (
  `id` int(11) NOT NULL,
  `name` varchar(128) NOT NULL,
  `address` varchar(255) NOT NULL,
  `email` varchar(128) NOT NULL,
  `image` varchar(128) NOT NULL,
  `password` varchar(256) NOT NULL,
  `role_id` int(11) NOT NULL,
  `is_active` int(1) NOT NULL,
  `date_created` int(11) NOT NULL
) ENGINE=InnoDB DEFAULT CHARSET=latin1;

--
-- Dumping data for table `user`
--

INSERT INTO `user` (`id`, `name`, `address`, `email`, `image`, `password`, `role_id`, `is_active`, `date_created`) VALUES
(2, 'ahmad maulana', 'Bogor', 'ahmad@gmail.com', 'default.jpg', '$2y$10$MPSZnE72IfI4NtBzmtJsluNUsWYOkMzZqpr68xwzKQ.9cbZ8bkQlm', 2, 1, 1585472070),
(14, 'surya intan permana', 'Bogor', 'suryha7fold@gmail.com', 'P_20191227_0810231.jpg', '$2y$10$Nc.4A5IvIwDu5I3fgojr4u2gFIbuYmUOGVU02aODczopIzv7eFtce', 1, 1, 1585660215);

-- --------------------------------------------------------

--
-- Table structure for table `user_access_menu`
--

CREATE TABLE `user_access_menu` (
  `id` int(11) NOT NULL,
  `role_id` int(11) NOT NULL,
  `menu_id` int(11) NOT NULL
) ENGINE=InnoDB DEFAULT CHARSET=utf8mb4;

--
-- Dumping data for table `user_access_menu`
--

INSERT INTO `user_access_menu` (`id`, `role_id`, `menu_id`) VALUES
(1, 1, 1),
(2, 1, 2),
(3, 2, 2),
(6, 1, 9),
(8, 1, 10);

-- --------------------------------------------------------

--
-- Table structure for table `user_menu`
--

CREATE TABLE `user_menu` (
  `id` int(11) NOT NULL,
  `menu` varchar(128) NOT NULL
) ENGINE=InnoDB DEFAULT CHARSET=latin1;

--
-- Dumping data for table `user_menu`
--

INSERT INTO `user_menu` (`id`, `menu`) VALUES
(1, 'Admin'),
(2, 'User'),
(3, 'Menu'),
(9, 'Buku'),
(10, 'Transaksi');

-- --------------------------------------------------------

--
-- Table structure for table `user_role`
--

CREATE TABLE `user_role` (
  `id` int(11) NOT NULL,
  `role` varchar(128) NOT NULL
) ENGINE=InnoDB DEFAULT CHARSET=latin1;

--
-- Dumping data for table `user_role`
--

INSERT INTO `user_role` (`id`, `role`) VALUES
(1, 'Administrator'),
(2, 'User');

-- --------------------------------------------------------

--
-- Table structure for table `user_sub_menu`
--

CREATE TABLE `user_sub_menu` (
  `id` int(11) NOT NULL,
  `menu_id` int(11) NOT NULL,
  `title` varchar(128) NOT NULL,
  `url` varchar(128) NOT NULL,
  `icon` varchar(128) NOT NULL,
  `is_active` int(1) NOT NULL
) ENGINE=InnoDB DEFAULT CHARSET=utf8mb4;

--
-- Dumping data for table `user_sub_menu`
--

INSERT INTO `user_sub_menu` (`id`, `menu_id`, `title`, `url`, `icon`, `is_active`) VALUES
(1, 1, 'Dashboard', 'admin', 'fas fa-fw fa-tachometer-alt', 1),
(2, 2, 'My Profile', 'user', 'fas fa-fw fa-user', 1),
(3, 3, 'Menu Management', 'menu', 'fas fa-fw fa-folder', 1),
(4, 2, 'Edit Profile', 'user/edit', 'fas fa-fw fa-user-edit', 1),
(5, 3, 'Submenu Management', 'menu/submenu', 'fas fa-fw fa-folder-open', 1),
(7, 1, 'Role', 'admin/role', 'fas fa-fw fa-user-tie', 1),
(8, 2, 'Change Password', 'user/changepassword', 'fas fa-fw fa-key', 1),
(9, 9, 'Data Buku', 'buku/index', 'fas fa-fw fa-book', 1),
(12, 9, 'Kategori Buku', 'buku/category', 'fas fa-fw fa-bookmark', 1),
(13, 10, 'Data Peminjaman', 'pinjam', 'fa fa-fw fa-shopping-cart', 1),
(14, 10, 'Data Booking', 'pinjam/daftarBooking', 'fa fa-fw fa-list', 1);

--
-- Indexes for dumped tables
--

--
-- Indexes for table `booking`
--
ALTER TABLE `booking`
  ADD PRIMARY KEY (`id_booking`);

--
-- Indexes for table `booking_detail`
--
ALTER TABLE `booking_detail`
  ADD PRIMARY KEY (`id`);

--
-- Indexes for table `buku`
--
ALTER TABLE `buku`
  ADD PRIMARY KEY (`id`);

--
-- Indexes for table `kategori`
--
ALTER TABLE `kategori`
  ADD PRIMARY KEY (`id_kategori`);

--
-- Indexes for table `pinjam`
--
ALTER TABLE `pinjam`
  ADD PRIMARY KEY (`no_pinjam`);

--
-- Indexes for table `temp`
--
ALTER TABLE `temp`
  ADD PRIMARY KEY (`id`);

--
-- Indexes for table `user`
--
ALTER TABLE `user`
  ADD PRIMARY KEY (`id`);

--
-- Indexes for table `user_access_menu`
--
ALTER TABLE `user_access_menu`
  ADD PRIMARY KEY (`id`);

--
-- Indexes for table `user_menu`
--
ALTER TABLE `user_menu`
  ADD PRIMARY KEY (`id`);

--
-- Indexes for table `user_role`
--
ALTER TABLE `user_role`
  ADD PRIMARY KEY (`id`);

--
-- Indexes for table `user_sub_menu`
--
ALTER TABLE `user_sub_menu`
  ADD PRIMARY KEY (`id`);

--
-- AUTO_INCREMENT for dumped tables
--

--
-- AUTO_INCREMENT for table `booking_detail`
--
ALTER TABLE `booking_detail`
  MODIFY `id` int(11) NOT NULL AUTO_INCREMENT, AUTO_INCREMENT=2;

--
-- AUTO_INCREMENT for table `buku`
--
ALTER TABLE `buku`
  MODIFY `id` int(11) NOT NULL AUTO_INCREMENT, AUTO_INCREMENT=22;

--
-- AUTO_INCREMENT for table `kategori`
--
ALTER TABLE `kategori`
  MODIFY `id_kategori` int(11) NOT NULL AUTO_INCREMENT, AUTO_INCREMENT=10;

--
-- AUTO_INCREMENT for table `temp`
--
ALTER TABLE `temp`
  MODIFY `id` int(11) NOT NULL AUTO_INCREMENT;

--
-- AUTO_INCREMENT for table `user`
--
ALTER TABLE `user`
  MODIFY `id` int(11) NOT NULL AUTO_INCREMENT, AUTO_INCREMENT=24;

--
-- AUTO_INCREMENT for table `user_access_menu`
--
ALTER TABLE `user_access_menu`
  MODIFY `id` int(11) NOT NULL AUTO_INCREMENT, AUTO_INCREMENT=9;

--
-- AUTO_INCREMENT for table `user_menu`
--
ALTER TABLE `user_menu`
  MODIFY `id` int(11) NOT NULL AUTO_INCREMENT, AUTO_INCREMENT=11;

--
-- AUTO_INCREMENT for table `user_role`
--
ALTER TABLE `user_role`
  MODIFY `id` int(11) NOT NULL AUTO_INCREMENT, AUTO_INCREMENT=6;

--
-- AUTO_INCREMENT for table `user_sub_menu`
--
ALTER TABLE `user_sub_menu`
  MODIFY `id` int(11) NOT NULL AUTO_INCREMENT, AUTO_INCREMENT=15;
COMMIT;

/*!40101 SET CHARACTER_SET_CLIENT=@OLD_CHARACTER_SET_CLIENT */;
/*!40101 SET CHARACTER_SET_RESULTS=@OLD_CHARACTER_SET_RESULTS */;
/*!40101 SET COLLATION_CONNECTION=@OLD_COLLATION_CONNECTION */;
